algorithm,benchmark,seed,evaluations,best_value,best_candidate
hill_climbing,rastrigin,100,20000,44.14206829278996,"[-3.2070918750444037, 1.0372880836228502, -1.0711383486747934, 0.018113079664729526, -0.09394003787352201, 1.0485384692847353, 0.8661842383659506, 1.2721329885373898, -1.008960991870624, 1.0501242856248902]"
hill_climbing,rastrigin,101,20000,36.64376546867853,"[0.021234699280362257, -2.0725754189331864, -0.0462240027976355, 0.8349475665512376, -1.0613651731277498, -1.8981636993884896, 1.0594112006866956, 0.06125438272117378, -0.9558909006566205, 3.1478623514765625]"
hill_climbing,rastrigin,102,20000,44.03769738044418,"[0.9993345163128833, 1.1856037842339546, 0.9356959522858306, -0.823871847086262, 0.006023884132816626, 1.0736561884902658, 1.90706222028071, 1.8028262868642377, -1.9750074557140245, -1.8820214116569205]"
hill_climbing,rastrigin,103,20000,54.68788548776055,"[-0.9375503957722318, -0.017799218698691277, -0.2868746818717254, 0.9556997647041978, -1.9951142345680366, 1.0498837937403627, -0.05297041032524685, 0.008381282057296602, 2.7621052493109532, 3.9354026127165875]"
hill_climbing,rastrigin,104,20000,45.7276968509002,"[0.824422734652619, 0.1878183961303579, -0.8647766098715817, 1.152890608736615, -2.8862757146580833, 0.9058889914846633, -0.0696597902870435, 0.06668118044282156, -0.0009981942176731096, 0.7843798955094323]"
hill_climbing,rastrigin,105,20000,38.31761564046435,"[-0.9234590852421709, -0.8924446268112112, 0.04631062279236975, -0.9829034223071611, 1.9868879436984352, 0.8666871578048072, -0.9827031062860003, -1.6717746786566048, -1.1055928961610872, -1.0653690263007434]"
hill_climbing,rastrigin,106,20000,49.97386725843775,"[1.9400944548099401, -1.0610267332086298, 1.0305438725297362, -0.9892834956695467, -2.990603037168829, 0.8687066536792569, -1.0133188082850202, 0.3670657445161991, 0.18338829693681635, -2.04619886407623]"
hill_climbing,rastrigin,107,20000,63.78331152869419,"[-0.7507513108477157, 0.7811171036714342, -1.9874221663858362, 0.8380216511564349, 0.8460009904264769, -2.1797217520228496, 0.8592347386983077, 2.9477829068507235, -2.0170810180503276, -1.0628129915300786]"
hill_climbing,rastrigin,108,20000,44.10116816238539,"[0.03737431603410979, 1.142131267856028, -2.0034232043331563, 0.21845443927307073, 1.0915303352680397, -0.7747502392683181, -1.9391732928673577, 1.1034764646742117, 0.02752553940124436, 0.20009638889937253]"
hill_climbing,rastrigin,109,20000,61.30979265600014,"[0.0028597233719649395, 0.9294443443884592, 0.9731183851888066, 1.006948060651201, -0.7291757360442466, 2.864129141947954, -0.952275905180703, 1.8233867698892832, 1.8815654223877782, 2.286253966822473]"
hill_climbing,rastrigin,110,20000,43.725180535767386,"[2.065387233103519, 0.06760444197734028, 0.08463156514858383, -0.06715718749724253, -1.08705779653517, 1.1069086630107128, -3.118990713633327, -1.029537047941881, -1.845721546779397, 0.7914636344729464]"
hill_climbing,rastrigin,111,20000,48.88330112313281,"[2.8049695453088486, 1.0412266812654893, 1.9759887277861647, -1.0966532739781583, -0.9500363790058701, 1.958570284664419, -1.0055058166578084, 3.155495345098829, -0.9069973860069416, -0.11588474104188862]"
hill_climbing,rastrigin,112,20000,64.05866613390782,"[-0.16019221560757124, -1.1798611573630713, 4.014795037008748, 0.9257012256858435, 2.0152006495541075, 0.8116844428293213, -1.8999981720240555, 1.773794571491476, -0.05406829423100401, -1.149701486056295]"
hill_climbing,rastrigin,113,20000,53.37309005505502,"[-1.0275448892696213, -1.8698263361641905, -1.0972196868628226, 1.717500268125744, 0.11578234798262788, -1.0852630153599208, 2.0133756800125715, 0.05060381774362366, -0.9491128335697061, -2.770431066869259]"
hill_climbing,rastrigin,114,20000,43.069763064088306,"[-0.9647961677746384, 1.1477089755095138, 0.07550282071961156, 0.10365674309694395, 1.01800489233597, -3.1026367682549605, 0.8137171248076465, -1.052033086929165, -2.158150999882719, -0.8905432706048]"
hill_climbing,rastrigin,115,20000,47.480547246661054,"[-2.001879848098421, -1.9029868070601457, -0.8884108158522572, -1.0040701962104617, 0.09082884986695827, 1.4988508295996192, -0.14409534950031233, -1.0389593360243667, 0.00584694460165025, 0.16284301887627617]"
hill_climbing,rastrigin,116,20000,56.913499464529394,"[-0.17216666634566646, -1.9820504625561841, -3.985152556944206, 0.13541346310489466, 2.095908742801826, -1.1469119073706424, 1.996097810696834, 0.935671264073024, -1.86434578451823, -2.026275582664477]"
hill_climbing,rastrigin,117,20000,50.387128614957724,"[3.1785405174343824, 0.9631587452598573, -0.8272575435197256, -0.09042834945987455, -1.848764686573265, -1.832725996758903, -0.0389393973530332, -0.9109748891620155, 2.0617639788616655, -1.0731550871124798]"
hill_climbing,rastrigin,118,20000,45.76666712336535,"[2.9352294421162, -1.1876534377932448, -0.04751946291498488, 1.1231377041931063, 0.16733364605353174, -0.007768423214988829, -1.8647790805714237, -1.9249315970728338, -0.8343582017585431, -0.9306627684621409]"
hill_climbing,rastrigin,119,20000,49.77765970610047,"[1.1857622836583523, -2.032918914357299, 1.913823636541883, 1.120257693892901, 0.12388971714424812, -1.028507841929268, 1.9691420887523527, -2.073937221019998, 0.8995080761710197, -1.7576705601891947]"
