algorithm,benchmark,seed,evaluations,best_value
random_search,rosenbrock,0,100,133734.9959243508
random_search,rosenbrock,0,200,46122.2641464844
random_search,rosenbrock,0,300,46122.2641464844
random_search,rosenbrock,0,400,46122.2641464844
random_search,rosenbrock,0,500,46122.2641464844
random_search,rosenbrock,0,600,46122.2641464844
random_search,rosenbrock,0,700,46122.2641464844
random_search,rosenbrock,0,800,40506.79352091841
random_search,rosenbrock,0,900,40506.79352091841
random_search,rosenbrock,0,1000,40506.79352091841
random_search,rosenbrock,0,1100,30574.39657855034
random_search,rosenbrock,0,1200,30574.39657855034
random_search,rosenbrock,0,1300,30574.39657855034
random_search,rosenbrock,0,1400,30574.39657855034
random_search,rosenbrock,0,1500,30574.39657855034
random_search,rosenbrock,0,1600,30574.39657855034
random_search,rosenbrock,0,1700,30574.39657855034
random_search,rosenbrock,0,1800,30574.39657855034
random_search,rosenbrock,0,1900,30574.39657855034
random_search,rosenbrock,0,2000,30574.39657855034
random_search,rosenbrock,0,2100,30574.39657855034
random_search,rosenbrock,0,2200,30574.39657855034
random_search,rosenbrock,0,2300,30574.39657855034
random_search,rosenbrock,0,2400,30574.39657855034
random_search,rosenbrock,0,2500,30574.39657855034
random_search,rosenbrock,0,2600,30574.39657855034
random_search,rosenbrock,0,2700,30574.39657855034
random_search,rosenbrock,0,2800,30574.39657855034
random_search,rosenbrock,0,2900,30574.39657855034
random_search,rosenbrock,0,3000,30574.39657855034
random_search,rosenbrock,0,3100,30574.39657855034
random_search,rosenbrock,0,3200,27286.756189785436
random_search,rosenbrock,0,3300,27286.756189785436
random_search,rosenbrock,0,3400,27286.756189785436
random_search,rosenbrock,0,3500,27286.756189785436
random_search,rosenbrock,0,3600,27286.756189785436
random_search,rosenbrock,0,3700,27286.756189785436
random_search,rosenbrock,0,3800,27286.756189785436
random_search,rosenbrock,0,3900,27286.756189785436
random_search,rosenbrock,0,4000,27286.756189785436
random_search,rosenbrock,0,4100,27286.756189785436
random_search,rosenbrock,0,4200,23727.260253639695
random_search,rosenbrock,0,4300,23727.260253639695
random_search,rosenbrock,0,4400,23727.260253639695
random_search,rosenbrock,0,4500,23727.260253639695
random_search,rosenbrock,0,4600,23727.260253639695
random_search,rosenbrock,0,4700,23727.260253639695
random_search,rosenbrock,0,4800,23727.260253639695
random_search,rosenbrock,0,4900,23727.260253639695
random_search,rosenbrock,0,5000,23727.260253639695
random_search,rosenbrock,0,5100,23727.260253639695
random_search,rosenbrock,0,5200,23727.260253639695
random_search,rosenbrock,0,5300,23727.260253639695
random_search,rosenbrock,0,5400,23727.260253639695
random_search,rosenbrock,0,5500,23727.260253639695
random_search,rosenbrock,0,5600,23727.260253639695
random_search,rosenbrock,0,5700,23727.260253639695
random_search,rosenbrock,0,5800,23727.260253639695
random_search,rosenbrock,0,5900,23727.260253639695
random_search,rosenbrock,0,6000,23727.260253639695
random_search,rosenbrock,0,6100,23727.260253639695
random_search,rosenbrock,0,6200,23727.260253639695
random_search,rosenbrock,0,6300,23727.260253639695
random_search,rosenbrock,0,6400,23727.260253639695
random_search,rosenbrock,0,6500,23727.260253639695
random_search,rosenbrock,0,6600,23727.260253639695
random_search,rosenbrock,0,6700,23727.260253639695
random_search,rosenbrock,0,6800,14035.55425882374
random_search,rosenbrock,0,6900,14035.55425882374
random_search,rosenbrock,0,7000,14035.55425882374
random_search,rosenbrock,0,7100,14035.55425882374
random_search,rosenbrock,0,7200,14035.55425882374
random_search,rosenbrock,0,7300,14035.55425882374
random_search,rosenbrock,0,7400,14035.55425882374
random_search,rosenbrock,0,7500,14035.55425882374
random_search,rosenbrock,0,7600,14035.55425882374
random_search,rosenbrock,0,7700,14035.55425882374
random_search,rosenbrock,0,7800,14035.55425882374
random_search,rosenbrock,0,7900,14035.55425882374
random_search,rosenbrock,0,8000,14035.55425882374
random_search,rosenbrock,0,8100,14035.55425882374
random_search,rosenbrock,0,8200,14035.55425882374
random_search,rosenbrock,0,8300,14035.55425882374
random_search,rosenbrock,0,8400,14035.55425882374
random_search,rosenbrock,0,8500,14035.55425882374
random_search,rosenbrock,0,8600,14035.55425882374
random_search,rosenbrock,0,8700,14035.55425882374
random_search,rosenbrock,0,8800,14035.55425882374
random_search,rosenbrock,0,8900,14035.55425882374
random_search,rosenbrock,0,9000,14035.55425882374
random_search,rosenbrock,0,9100,14035.55425882374
random_search,rosenbrock,0,9200,14035.55425882374
random_search,rosenbrock,0,9300,14035.55425882374
random_search,rosenbrock,0,9400,14035.55425882374
random_search,rosenbrock,0,9500,14035.55425882374
random_search,rosenbrock,0,9600,14035.55425882374
random_search,rosenbrock,0,9700,14035.55425882374
random_search,rosenbrock,0,9800,14035.55425882374
random_search,rosenbrock,0,9900,14035.55425882374
random_search,rosenbrock,0,10000,14035.55425882374
random_search,rosenbrock,0,10100,14035.55425882374
random_search,rosenbrock,0,10200,14035.55425882374
random_search,rosenbrock,0,10300,6967.189011902425
random_search,rosenbrock,0,10400,6967.189011902425
random_search,rosenbrock,0,10500,6967.189011902425
random_search,rosenbrock,0,10600,6967.189011902425
random_search,rosenbrock,0,10700,6967.189011902425
random_search,rosenbrock,0,10800,6967.189011902425
random_search,rosenbrock,0,10900,6967.189011902425
random_search,rosenbrock,0,11000,6967.189011902425
random_search,rosenbrock,0,11100,6967.189011902425
random_search,rosenbrock,0,11200,6967.189011902425
random_search,rosenbrock,0,11300,6967.189011902425
random_search,rosenbrock,0,11400,6967.189011902425
random_search,rosenbrock,0,11500,6967.189011902425
random_search,rosenbrock,0,11600,4154.902306488228
random_search,rosenbrock,0,11700,4154.902306488228
random_search,rosenbrock,0,11800,4154.902306488228
random_search,rosenbrock,0,11900,4154.902306488228
random_search,rosenbrock,0,12000,4154.902306488228
random_search,rosenbrock,0,12100,4154.902306488228
random_search,rosenbrock,0,12200,4154.902306488228
random_search,rosenbrock,0,12300,4154.902306488228
random_search,rosenbrock,0,12400,4154.902306488228
random_search,rosenbrock,0,12500,4154.902306488228
random_search,rosenbrock,0,12600,4154.902306488228
random_search,rosenbrock,0,12700,4154.902306488228
random_search,rosenbrock,0,12800,4154.902306488228
random_search,rosenbrock,0,12900,4154.902306488228
random_search,rosenbrock,0,13000,4154.902306488228
random_search,rosenbrock,0,13100,4154.902306488228
random_search,rosenbrock,0,13200,4154.902306488228
random_search,rosenbrock,0,13300,4154.902306488228
random_search,rosenbrock,0,13400,4154.902306488228
random_search,rosenbrock,0,13500,4154.902306488228
random_search,rosenbrock,0,13600,4154.902306488228
random_search,rosenbrock,0,13700,4154.902306488228
random_search,rosenbrock,0,13800,4154.902306488228
random_search,rosenbrock,0,13900,4154.902306488228
random_search,rosenbrock,0,14000,4154.902306488228
random_search,rosenbrock,0,14100,4154.902306488228
random_search,rosenbrock,0,14200,4154.902306488228
random_search,rosenbrock,0,14300,4154.902306488228
random_search,rosenbrock,0,14400,4154.902306488228
random_search,rosenbrock,0,14500,4154.902306488228
random_search,rosenbrock,0,14600,4154.902306488228
random_search,rosenbrock,0,14700,4154.902306488228
random_search,rosenbrock,0,14800,4154.902306488228
random_search,rosenbrock,0,14900,4154.902306488228
random_search,rosenbrock,0,15000,4154.902306488228
random_search,rosenbrock,0,15100,4154.902306488228
random_search,rosenbrock,0,15200,4154.902306488228
random_search,rosenbrock,0,15300,4154.902306488228
random_search,rosenbrock,0,15400,4154.902306488228
random_search,rosenbrock,0,15500,4154.902306488228
random_search,rosenbrock,0,15600,4154.902306488228
random_search,rosenbrock,0,15700,4154.902306488228
random_search,rosenbrock,0,15800,4154.902306488228
random_search,rosenbrock,0,15900,4154.902306488228
random_search,rosenbrock,0,16000,4154.902306488228
random_search,rosenbrock,0,16100,4154.902306488228
random_search,rosenbrock,0,16200,4154.902306488228
random_search,rosenbrock,0,16300,4154.902306488228
random_search,rosenbrock,0,16400,4154.902306488228
random_search,rosenbrock,0,16500,4154.902306488228
random_search,rosenbrock,0,16600,4154.902306488228
random_search,rosenbrock,0,16700,4154.902306488228
random_search,rosenbrock,0,16800,4154.902306488228
random_search,rosenbrock,0,16900,4154.902306488228
random_search,rosenbrock,0,17000,4154.902306488228
random_search,rosenbrock,0,17100,4154.902306488228
random_search,rosenbrock,0,17200,4154.902306488228
random_search,rosenbrock,0,17300,4154.902306488228
random_search,rosenbrock,0,17400,4154.902306488228
random_search,rosenbrock,0,17500,4154.902306488228
random_search,rosenbrock,0,17600,4154.902306488228
random_search,rosenbrock,0,17700,4154.902306488228
random_search,rosenbrock,0,17800,4154.902306488228
random_search,rosenbrock,0,17900,4154.902306488228
random_search,rosenbrock,0,18000,4154.902306488228
random_search,rosenbrock,0,18100,4154.902306488228
random_search,rosenbrock,0,18200,4154.902306488228
random_search,rosenbrock,0,18300,4154.902306488228
random_search,rosenbrock,0,18400,4154.902306488228
random_search,rosenbrock,0,18500,4154.902306488228
random_search,rosenbrock,0,18600,4154.902306488228
random_search,rosenbrock,0,18700,4154.902306488228
random_search,rosenbrock,0,18800,4154.902306488228
random_search,rosenbrock,0,18900,4154.902306488228
random_search,rosenbrock,0,19000,4154.902306488228
random_search,rosenbrock,0,19100,4154.902306488228
random_search,rosenbrock,0,19200,4154.902306488228
random_search,rosenbrock,0,19300,4154.902306488228
random_search,rosenbrock,0,19400,4154.902306488228
random_search,rosenbrock,0,19500,4154.902306488228
random_search,rosenbrock,0,19600,4154.902306488228
random_search,rosenbrock,0,19700,4154.902306488228
random_search,rosenbrock,0,19800,4154.902306488228
random_search,rosenbrock,0,19900,4154.902306488228
random_search,rosenbrock,0,20000,4154.902306488228
